id,Customer Name,CustomerID,Owner Name,Cell Number,Land Mark,Beat Name,Villege Name,isActive
2232,26965 VEERANJANEYA GENARAL GRE,1049199,,9948452737,,INTUR,GOVADA,1
2233,26966 SURESH CIG SHOP,1049200,,9640035249,,INTUR,GOVADA,1
2234,26967 SATYANARAYANA COOL DRINKS,1049201,,9248055331,,INTUR,GOVADA,1
2235,26968 SRINIVASA RAO PAN SHOP,1049202,,9898363082,,INTUR,GOVADA,1
2236,26969 A TO Z COOL DRINKS,1049203,,9618272112,,INTUR,GOVADA,1
2237,26970 CHAVALI WINES,1049204,,8500998617,,INTUR,GOVADA,1
2238,40638 KANAKA DURGA PAN SHOP,1062872,,9246272661,BEIG GARI OFFICE,VARAHAPURAM,VEMURU,1
2239,40639 BANANA COOL DRINKS,1062873,,9505464601,GANDHINAGAR SUB POST OFFICE,VARAHAPURAM,VEMURU,1
2240,25288 VASAVI KIRANA GRE,1047522,,9849077378,,CHAVALI,GOVADA,1
2241,25289 BISMILLA ARIFHA GERAL STORE GRE,1047523,,8186072936,,CHAVALI,GOVADA,1
2242,25290 BHASKARA RAO GENERAL STORES GRE,1047524,,9052969835,,CHAVALI,GOVADA,1
2243,25291 KUMAR GERAL STORES GRE,1047525,,9989112598,,CHAVALI,GOVADA,1
2244,25292 RAMU GERAL STORES GRE,1047526,,7799224729,,CHAVALI,GOVADA,1
2245,25293 RAMESH GANEAL STORES GRE,1047527,,9701110206,,CHAVALI,GOVADA,1
2246,25294 PARAMTHMA CIG SHOP,1047528,,9502916561,,CHAVALI,GOVADA,1
2247,25297 RATHAMMA CIG SHOP,1047531,,7702551718,,CHAVALI,GOVADA,1
2248,25189 VASU COOL DRINKS GRE,1047423,,7207449458,RAILWAY PARCEL OFFICE,DAVULURU,KOLLIPARA,1
2249,25190 SWATHI COOL DRINKS GRE,1047424,,9949807553,RAILWAY PARCEL OFFICE,DAVULURU,KOLLIPARA,1
2250,25193 GANESH CIG SHOP,1047427,,9177255252,RAILWAY PARCEL OFFICE,DAVULURU,KOLLIPARA,1
2251,25194 ANURADHA CIG SHOP,1047428,,8978149411,RAILWAY PARCEL OFFICE,DAVULURU,KOLLIPARA,1
2252,25195 SATYANARAYAN CIG SHOP,1047429,,7864422331,RAILWAY PARCEL OFFICE,DAVULURU,KOLLIPARA,1
2253,25196 BISMILLA CIG SHOP,1047430,,9291565849,RAILWAY PARCEL OFFICE,DAVULURU,KOLLIPARA,1
2254,25197 MANI KANTA COOL DRINKS,1047431,,,MEE SEVA CENTER,DAVULURU,KOLLIPARA,1
2255,38100 KONDALU COOL DRINKS GRE,1060334,,7799839536,MEE SEVA CENTER,KUCHALLAPADU,CHILUMURU,1
2256,38101 SUBBARAO COOL DRINKS GRE,1060335,,8985035403,MEE SEVA CENTER,KUCHALLAPADU,CHILUMURU,1
2257,26072 R. SAMBHA SIVA RAO GENARAL STORES GRE,1048306,,7995778743,,MODUKURU,MODUKURU,1
2258,26073 VENKATESHWARA GENARAL STORES GRE,1048307,,9700768743,,MODUKURU,MODUKURU,1
2259,26074 R.MOHAN MURALI GRE,1048308,,8008234646,CHILUVURI SUDHAKAR PALACE,MODUKURU,MODUKURU,1
2260,26075 ALLA MALLIKARJUNA REDDY GENARAL STORES GRE,1048309,,7569914055,CHILUVURI SUDHAKAR PALACE,MODUKURU,MODUKURU,1
2261,44347 BALA NISHANTH COOL HOME GRE,1066581,,9703485903,HARIKA CABLE VISION,DANTHALUR,VALLABHAPURAM,1
2262,44348 SRIKANTH PAN SHOP,1066582,,9550417705,HARIKA CABLE VISION,DANTHALUR,VALLABHAPURAM,1
2263,44349 G.RAMAKOTIREDDY PAN SHOP,1066583,,9949454959,HARIKA CABLE VISION,DANTHALUR,VALLABHAPURAM,1
2264,26076 CHARAN KIRANA GRE,1048310,,9014259755,,MODUKURU,MODUKURU,1
2265,26077 R. VENKATRAO GRE,1048311,,9885467865,,MODUKURU,MODUKURU,1
2266,26078 R. HARIBABU COOL DRINKS,1048312,,9398649968,MEE SEVA CENTER,MODUKURU,MODUKURU,1
2267,26079 AYUUB COOL DRINKS,1048313,,9989121217,ASRK ASSOCIATES,MODUKURU,MODUKURU,1
2268,26080 NANNA SAHEAB COOL DRINKS,1048314,,9849371245,MEE SEVA CENTER,MODUKURU,MODUKURU,1
2269,27751 DAVID PAN SHOP,1049985,,9642086125,,MULPUR,GOVADA,1
2270,25211 VENKATESWARA GS GRE (T),1047445,,9600617100,,GODAVARRU,PEDAVADLAPUDI,1
2271,25212 RAJU GS GRE (T),1047446,,9701692492,,GODAVARRU,PEDAVADLAPUDI,1
2272,25213 NANI GREAL STORE GRE,1047447,,9949402358,,AMRUTHALUR,GOVADA,1
2273,26081 MANIKANTA COOL DRINKS,1048315,,9030752030,MEE SEVA CENTER,MODUKURU,MODUKURU,1
2274,26082 A. SRINIVASA REDDY,1048316,,9642962725,MEE SEVA CENTER,MODUKURU,MODUKURU,1
2275,26083 A. VEERA REDDY,1048317,,9292955175,MEE SEVA CENTER,MODUKURU,MODUKURU,1
2276,26084 AMULYA FANSCY,1048318,,9849465533,MEE SEVA CENTER,MODUKURU,MODUKURU,1
2277,23551 K.MASTHANRAO GENARAL STORES GRE,1045785,,9949503035,GANDHINAGAR SUB POST OFFICE,JAMPANI,VEMURU,1
2278,27752 SRINIVASA PAN SHOP,1049986,,9052631931,,MULPUR,GOVADA,1
2279,27753 RAMAIAHA COOL DRINKS,1049987,,9494575160,,MULPUR,GOVADA,1
2280,27754 BALAKRISHNA COOL DRIKS,1049988,,9502171824,,MULPUR,GOVADA,1
2281,27755 RAMESH CIG SHOP,1049989,,9703867407,MSAI APARTMENTS,MULPUR,GOVADA,1
2282,25214 VAMSI GERAL STORE GRE,1047448,,7780424045,,AMRUTHALUR,GOVADA,1
2283,25215 NAGESWARARAO CIG SHOP,1047449,,9573900359,,AMRUTHALUR,GOVADA,1
2284,25216 RAMARA COOL DRINKS,1047450,,8142753752,,AMRUTHALUR,GOVADA,1
2285,25217 BAJL COOL DRINKS,1047451,,8978854518,,AMRUTHALUR,GOVADA,1
2286,25218 R.V.COOL DRINKS,1047452,,7660992026,,AMRUTHALUR,GOVADA,1
2287,25295 SUBBRAMANYAM COOL DRINKS,1047529,,8644252609,,CHAVALI,GOVADA,1
2288,25296 SURYA NARAYANA CIG SHOP,1047530,,9912687210,,CHAVALI,GOVADA,1
2289,23552 MURALI KRISHNA COOL DRINKS GRE,1045786,,7702294218,BEIG GARI OFFICE,JAMPANI,VEMURU,1
2290,23553 BOSUBABU PAN SHOP,1045787,,9393038015,GANDHINAGAR SUB POST OFFICE,JAMPANI,VEMURU,1
2291,23554 KALESHA PAN SHOP,1045788,,9642870217,BEIG GARI OFFICE,JAMPANI,VEMURU,1
2292,23555 KHALEED PANSHOP,1045789,,9393038015,BEIG GARI OFFICE,JAMPANI,VEMURU,1
2293,23556 VIJAYA LAKSHMI PAN SHOP,1045790,,9494533148,BEIG GARI OFFICE,JAMPANI,VEMURU,1
2294,25219 KUMAR COOL DRINKS,1047453,,8309066209,,AMRUTHALUR,GOVADA,1
2295,25220 VENKATA RAMANA COOL DRINKS,1047454,,9133615922,,AMRUTHALUR,GOVADA,1
2296,25221 APPYREDDY CIG SHOP,1047455,,9505393513,,AMRUTHALUR,GOVADA,1
2297,25222 NAGI REDDY PAN SHOP,1047456,,9603928578,,AMRUTHALUR,GOVADA,1
2298,42697 SRINU PAN SHOP,1064931,,9676422685,,PENUMARRU,KOLLUR,1
2299,45283 SUBRAMANYAM COOL DRINKS,1067517,,8008692161,,BODDULURUPADU,KOLLUR,1
2300,33959 YOHAN PAN SHOP,1056193,,9989391006,,MOPARRU,GOVADA,1
2301,33960 RAGHAVIAHA COOL DRIKS,1056194,,9959136259,,MOPARRU,GOVADA,1
2302,33961 BHASKAR CIG SHOP,1056195,,8522962663,,MOPARRU,GOVADA,1
2303,35387 VENKATA REDDY PAN SHOP GRE,1057621,,9177692430,,KANTAMRAJU KONDURU,KANTAMRAJU KONDURU,1
2304,35388 BABU RAO GS GRE,1057622,,9640981995,,KANTAMRAJU KONDURU,KANTAMRAJU KONDURU,1
2305,37193 BHAVANI GENARAL STORES GRE,1059427,,9948772418,MEE SEVA CENTER,PEDAGADELAVARRU,MODUKURU,1
2306,37194 RAJENDRA PRASAD GENARAL STORES GRE,1059428,,9908710622,MEE SEVA CENTER,PEDAGADELAVARRU,MODUKURU,1
2307,37195 Y. KRISHNA KANTH,1059429,,7036419961,ASRK ASSOCIATES,PEDAGADELAVARRU,MODUKURU,1
2308,37196 P. SANKAR COOL DRINKS,1059430,,9848725021,MEE SEVA CENTER,PEDAGADELAVARRU,MODUKURU,1
2309,25898 T.VENKATESWARLU GENERAL GRE,1048132,,8185979963,,KUCHIPUDI,GOVADA,1
2310,35389 VEERABRAHMENDRA GS GRE,1057623,,9700635064,,KANTAMRAJU KONDURU,KANTAMRAJU KONDURU,1
2311,35390 SAMBASIVA RAI GRE,1057624,,7799398222,,KANTAMRAJU KONDURU,KANTAMRAJU KONDURU,1
2312,35391 LEELA GENREAL STORE GRE,1057625,,9347457122,,KANTAMRAJU KONDURU,KANTAMRAJU KONDURU,1
2313,35392 GANGAIAH GS GRE,1057626,,8008069776,,KANTAMRAJU KONDURU,KANTAMRAJU KONDURU,1
2314,35393 ARUNA GS GRE,1057627,,9951614198,,KANTAMRAJU KONDURU,KANTAMRAJU KONDURU,1
2315,35394 PADMAJI PAN SHOP,1057628,,7036377783,,KANTAMRAJU KONDURU,KANTAMRAJU KONDURU,1
2316,31402 ANIL COOL DRINKS,1053636,,9581248288,,PEDAKONDUR,KANTAMRAJU KONDURU,1
2317,30599 SUDHAKAR COOL DRINKS,1052833,,9866805808,NAGULLA RAMARAO CENTER,MORAMPUDI,KANTAMRAJU KONDURU,1
2318,30600 BABURAO PAN SHOP,1052834,,9492774478,NAGULLA RAMARAO CENTER,MORAMPUDI,KANTAMRAJU KONDURU,1
2319,35395 ASRITHAVALLI PAN SHOP,1057629,,9603783559,,KANTAMRAJU KONDURU,KANTAMRAJU KONDURU,1
2320,35396 SRINIVASULU PAN SHOP,1057630,,9959142887,,KANTAMRAJU KONDURU,KANTAMRAJU KONDURU,1
2321,31403 SAMBA SIVA PAN SHOP,1053637,,,,PEDAKONDUR,KANTAMRAJU KONDURU,1
2322,31404 HOTEL SHANKAR,1053638,,9701830729,,PEDAKONDUR,KANTAMRAJU KONDURU,1
2323,31405 VEERA NAGAMMA THALLI COOL DRI,1053639,,9652965258,,PEDAKONDUR,KANTAMRAJU KONDURU,1
2324,30601 VINAYAKA RAO CIG SHOP,1052835,,8179436376,NAGULLA RAMARAO CENTER,MORAMPUDI,KANTAMRAJU KONDURU,1
2325,30602 GANGA COOL DRINKS,1052836,,,,MORAMPUDI,KANTAMRAJU KONDURU,1
2326,30603 PEERUMALIK PAN SHOP,1052837,,9542516006,,MORAMPUDI,KANTAMRAJU KONDURU,1
2327,30604 VAMSI TEA PAN SHOP,1052838,,9703495968,,MORAMPUDI,KANTAMRAJU KONDURU,1
2328,33671 TEJESH COOL DRINKS,1055905,,9985309023,,GAJULLANKA,KOLLUR,1
2329,33672 G.RAMBABU PAN SHOP,1055906,,7386241157,LIC AUTHORIZED PREMIUM COLLECTION CENTER,GAJULLANKA,KOLLUR,1
2330,25899 BHASKAR PAN SHOP GRE,1048133,,9573039278,,KUCHIPUDI,GOVADA,1
2331,25900 NAGARAJU CIG SHOP,1048134,,7780635308,,KUCHIPUDI,GOVADA,1
2332,25901 THANDAVA KRISHNA CIG SHOP,1048135,,9121185868,,KUCHIPUDI,GOVADA,1
2333,25902 RANGAIAHA COOL DRONK,1048136,,9010467249,,KUCHIPUDI,GOVADA,1
2334,25050 MOHAN NAIAK COOL DRINKS,1047284,,8956231470,MEE SEVA CENTER,VALLABHAPURAM,VALLABHAPURAM,1
2335,25051 SRINU NAIAK COOL DRINKS,1047285,,7997658604,MEE SEVA CENTER,VALLABHAPURAM,VALLABHAPURAM,1
2336,25052 SHIRDI SAI COOL DRINKS,1047286,,8328540734,MEE SEVA CENTER,VALLABHAPURAM,VALLABHAPURAM,1
2337,25090 BRAHMANI PAN SHOP GRE,1047324,,7207234988,BEIG GARI OFFICE,PEDARAVURU,VEMURU,1
2338,25091 VASANTHA KUMAR KIRANA GRE,1047325,,7702660897,HARIKA CABLE VISION,PEDARAVURU,VEMURU,1
2339,25053 RAMBABU COOL DRIKS,1047287,,9441693483,MEE SEVA CENTER,VALLABHAPURAM,VALLABHAPURAM,1
2340,25054 RAMBRAHAMAM PAN SHOP,1047288,,8008205735,MEE SEVA CENTER,VALLABHAPURAM,VALLABHAPURAM,1
2341,25055 SAMBAIAHA PAN SHOP,1047289,,8179139705,MEE SEVA CENTER,VALLABHAPURAM,VALLABHAPURAM,1
2342,25056 K.ANJAIAHA COOL DRINKS,1047290,,9440569139,MEE SEVA CENTER,VALLABHAPURAM,VALLABHAPURAM,1
2343,25057 A.ADIREDDY PAN SHOP,1047291,,9701493847,MEE SEVA CENTER,VALLABHAPURAM,VALLABHAPURAM,1
2344,25058 N.YEDUKONDALU PAN SHOP,1047292,,9703867407,MEE SEVA CENTER,VALLABHAPURAM,VALLABHAPURAM,1
2345,25092 VASANTHA KUMAR KIRANA GRE,1047326,,7702660897,GANDHINAGAR SUB POST OFFICE,PEDARAVURU,VEMURU,1
2346,25093 CH.SUJATHA PAN SHOP,1047327,,9949479612,BEIG GARI OFFICE,PEDARAVURU,VEMURU,1
2347,25094 JAI ANKAMMATHALLI COOL DRINKS,1047328,,9505464601,GANDHINAGAR SUB POST OFFICE,PEDARAVURU,VEMURU,1
2348,25095 PUJITHA COOL DRINKS,1047329,,9000406371,BEIG GARI OFFICE,PEDARAVURU,VEMURU,1
2349,25096 M.SATHISH COOL DRINKS,1047330,,8328159773,GANDHINAGAR SUB POST OFFICE,PEDARAVURU,VEMURU,1
2350,29087 MANIKANTA COOL DRINKS,1051321,,9142786789,MELWIN TECHNOLOGIES,RAVIKAMPADU,KOLLUR,1
2351,31609 SRI SAI DURGA COOL DRINKS,1053843,,9885210735,,IPUR,CHILUMURU,1
2352,32476 MURALI KRISHNA PAN SHOP,1054710,,9542143952,,PERAVALI,GOVADA,1
2353,32477 SUBBARAO COOL DRINKS,1054711,,8497942708,,PERAVALI,GOVADA,1
2354,32478 HANUMANTHARAO CIG SHOP,1054712,,9912089134,,PERAVALI,GOVADA,1
2355,32479 RAVI SHANKAR COOL DRINKS,1054713,,7702833708,,PERAVALI,GOVADA,1
2356,32480 BABA FANCY,1054714,,9502896826,MSAI APARTMENTS,PERAVALI,GOVADA,1
2357,34278 D.LAKSHMI CIG SHOP,1056512,,7901469850,,PEDDAPUDI,GOVADA,1
2358,34279 SIVAIAHA TEA STALL,1056513,,7382207225,,PEDDAPUDI,GOVADA,1
2359,34280 Y.SUBBULU CIG SHOP,1056514,,9908976285,,PEDDAPUDI,GOVADA,1
2360,29088 SRI LAKSHMI KILLY SHOP,1051322,,9949841178,,RAVIKAMPADU,KOLLUR,1
2361,29089 SRI VYSHNAVI PAN SHOP,1051323,,9642999892,DOLEOUT OFFICE,RAVIKAMPADU,KOLLUR,1
2362,29090 REVATI PAN SHOP,1051324,,,DOLEOUT OFFICE,RAVIKAMPADU,KOLLUR,1
2363,36766 BABURAO COOL DRINKS GRE,1059000,,8179853358,MEE SEVA CENTER,CHADALAWADA,CHILUMURU,1
2364,36767 LAKSHMI NARAYANA COOL DRINKS GRE,1059001,,9701170720,MEE SEVA CENTER,CHADALAWADA,CHILUMURU,1
2365,36768 SRINIVASA CIG DRINKS,1059002,,8008411696,ASRK ASSOCIATES,CHADALAWADA,CHILUMURU,1
2366,34281 SUBBARAO COOL DRINKS,1056515,,9959136259,,PEDDAPUDI,GOVADA,1
2367,34282 BHAGYA LAKSHMI TEA STALL,1056516,,9441479172,MSAI APARTMENTS,PEDDAPUDI,GOVADA,1
2368,25698 SRINU PAN SHOP,1047932,,9440784543,QSSOT TECHNOLGY LTD,TUMMAPUDI,PEDAVADLAPUDI,1
2369,24078 SRI SRINIVASA PAN COOL DRINKS,1046312,,9573307370,,CHILUVURU,KANTAMRAJU KONDURU,1
2370,34958 RAMESH PAN SHOP,1057192,,9985762438,,CHINAPALEM,KANTAMRAJU KONDURU,1
2371,34959 PURNA CHANDRA RAO PAN SHOP,1057193,,9985987885,,CHINAPALEM,KANTAMRAJU KONDURU,1
2372,25903 VENKATESWARA COOL DRINKS,1048137,,9290068877,,KUCHIPUDI,GOVADA,1
2373,25760 B.VENKATA REDDY GRE,1047994,,9490612343,MEE SEVA CENTER,MUNNANGI,VALLABHAPURAM,1
2374,25761 M.SATHISH COOL DRINKS GRE,1047995,,9642241748,MEE SEVA CENTER,MUNNANGI,VALLABHAPURAM,1
2375,25762 P.APPARAO COOL DRINKS,1047996,,9573059048,MEE SEVA CENTER,MUNNANGI,VALLABHAPURAM,1
2376,25763 PUJITHA COOL DRINKS,1047997,,9885678678,MEE SEVA CENTER,MUNNANGI,VALLABHAPURAM,1
2377,25536 VEERANJANEYA GENARAL GRE,1047770,,9866220932,MELWIN TECHNOLOGIES,NANDIVELUGU,KOLAKALURU,1
2378,25537 NAGI REDDY PAN SHOP,1047771,,9959875314,MELWIN TECHNOLOGIES,NANDIVELUGU,KOLAKALURU,1
2379,25538 SUBRAMANYAM COOL DRINKS,1047772,,9490323718,MELWIN TECHNOLOGIES,NANDIVELUGU,KOLAKALURU,1
2380,25539 PARAMATHMA CIG SHOP,1047773,,9491833698,MELWIN TECHNOLOGIES,NANDIVELUGU,KOLAKALURU,1
2381,25540 RAMESH CIG SHOP,1047774,,9492686670,MELWIN TECHNOLOGIES,NANDIVELUGU,KOLAKALURU,1
2382,35866 LUCKY STORES GRE,1058100,,8639516581,MEE SEVA CENTER,CHILUMURU,CHILUMURU,1
2383,35867 ANAND SAI GRE,1058101,,9949479914,MEE SEVA CENTER,CHILUMURU,CHILUMURU,1
2384,35868 FIAZ C/D,1058102,,9989873573,MEE SEVA CENTER,CHILUMURU,CHILUMURU,1
2385,35869 KARTHIKA C/D,1058103,,9403899183,MEE SEVA CENTER,CHILUMURU,CHILUMURU,1
2386,35870 ADIREDDY P/S,1058104,,9160493686,MEE SEVA CENTER,CHILUMURU,CHILUMURU,1
2387,35871 SAI RAM VV P/S,1058105,,9966898690,MEE SEVA CENTER,CHILUMURU,CHILUMURU,1
2388,32538 KITAAB CIG SHOP,1054772,,9403899183,MEE SEVA CENTER,ANNAVARAM,KOLLIPARA,1
2389,32539 NAGI REDDY CIG SHOP,1054773,,9912148268,MEE SEVA CENTER,ANNAVARAM,KOLLIPARA,1
2390,24079 A.VENKATESWARLU PAN SHOP,1046313,,9647980382,,CHILUVURU,KANTAMRAJU KONDURU,1
2391,36706 KISHORE GENARAL STORES GRE,1058940,,6302091119,MEE SEVA CENTER,MANDURU,MODUKURU,1
2392,36707 VENKATESHWARA MEDICAL&FANSCY,1058941,,8019578283,MEE SEVA CENTER,MANDURU,MODUKURU,1
2393,36708 VULAKKA RAO FANSCY,1058942,,8341855517,MEE SEVA CENTER,MANDURU,MODUKURU,1
2394,32579 SIVA COOL DRINKS,1054813,,8142203923,,GOVADA,GOVADA,1
2395,24073 PANDURANGARAO PAN SHOP GRE,1046307,,9652998215,,CHILUVURU,KANTAMRAJU KONDURU,1
2396,24074 MADHAVARAM PAN SHOP,1046308,,9959683438,,CHILUVURU,KANTAMRAJU KONDURU,1
2397,24075 SM GARDENS,1046309,,8498879691,,CHILUVURU,KANTAMRAJU KONDURU,1
2398,24076 SAI COOL DRINKS,1046310,,9848228462,,CHILUVURU,KANTAMRAJU KONDURU,1
2399,25764 MARTHAMMA TIFFEN CENTRE,1047998,,7995379950,MEE SEVA CENTER,MUNNANGI,VALLABHAPURAM,1
2400,25765 VENKATESWARA COOL DRINKS,1047999,,9290068877,MEE SEVA CENTER,MUNNANGI,VALLABHAPURAM,1
2401,25766 D.MALLIKARJUN RAO PAN SHOP,1048000,,9985631312,MEE SEVA CENTER,MUNNANGI,VALLABHAPURAM,1
2402,27498 LAXMIRANI COOL DRINKS GRE,1049732,,9059949909,MEE SEVA CENTER,THUMULURU,KOLLIPARA,1
2403,27499 SHANKAR KIRANA GRE,1049733,,9951819840,MEE SEVA CENTER,THUMULURU,KOLLIPARA,1
2404,27500 RAMABASAVAYYA PAN SHOP,1049734,,9700989067,MEE SEVA CENTER,THUMULURU,KOLLIPARA,1
2405,35884 NAVYA COOL DRINKS,1058118,,9866149367,MSAI APARTMENTS,PERAVALIPALEM,GOVADA,1
2406,35885 SHARIFF COOL DRINKS,1058119,,9866072116,,PERAVALIPALEM,GOVADA,1
2407,24077 SRINIVASA TEA COOL DRINKS,1046311,,9866732172,,CHILUVURU,KANTAMRAJU KONDURU,1
2408,27501 Y SURENDRA COOL DRINKS,1049735,,7207462363,MEE SEVA CENTER,THUMULURU,KOLLIPARA,1
2409,27510 SAI SUBBARAO COOL DRINKS,1049744,,9014140130,MEE SEVA CENTER,ATHOTA,VALLABHAPURAM,1
2410,27511 G.NAGARAJU PAN SHOP,1049745,,9000780408,MEE SEVA CENTER,ATHOTA,VALLABHAPURAM,1
2411,34931 ANJANEYA COOL DRINKS GRE,1057165,,9703668618,,BURRIPALEM,CHILUMURU,1
2412,30895 SAMRAJYAM COOL DRINKS,1053129,,9966579650,MEE SEVA,PEDALANKA,KOLLUR,1
2413,36131 KHASIM PAN SHOP,1058365,,8978552404,QSSOT TECHNOLGY LTD,PYAPARRU,GOVADA,1
2414,36132 SATYA PAN SHOP,1058366,,8977637555,QSSOT TECHNOLGY LTD,PYAPARRU,GOVADA,1
2415,36133 SRI LAKSHMI,1058367,,8374802317,,PYAPARRU,GOVADA,1
2416,30893 V.SUDHAKAR PAN SHOP,1053127,,9398989324,DOLEOUT OFFICE,PEDALANKA,KOLLUR,1
2417,30894 ANAND CG SHOP,1053128,,7893140266,PAREPALLI&CO,PEDALANKA,KOLLUR,1
2418,32580 RAMESH CIG SHOP,1054814,,9949434407,,GOVADA,GOVADA,1
2419,34932 VENKATESWARA COOL DRINKS GRE,1057166,,9640075489,,BURRIPALEM,CHILUMURU,1
2420,34933 RAMBABU COOL DRINKS,1057167,,9949999510,MEE SEVA CENTER,BURRIPALEM,CHILUMURU,1
2421,25695 SIVABRAHAMAM GENARAL GRE,1047929,,9864427785,,TUMMAPUDI,PEDAVADLAPUDI,1
2422,25696 RADHA KRISHNA TEA STALL,1047930,,9290248089,JK COMPLEX,TUMMAPUDI,PEDAVADLAPUDI,1
2423,25697 TAQDEER PAN SHOP,1047931,,9848308104,QSSOT TECHNOLGY LTD,TUMMAPUDI,PEDAVADLAPUDI,1
2424,27512 VIJAYALAKSHMI COOL DRINKS,1049746,,9010692008,HARIKA CABLE VISION,ATHOTA,VALLABHAPURAM,1
2425,27513 VAJRAMMA PAN SHOP,1049747,,8106495405,HARIKA CABLE VISION,ATHOTA,VALLABHAPURAM,1
2426,27514 RAJESH COOL DRINKS,1049748,,9182121242,HARIKA CABLE VISION,ATHOTA,VALLABHAPURAM,1
2427,27515 B.PUNNA RAO COOL DRINKS,1049749,,9704355067,HARIKA CABLE VISION,ATHOTA,VALLABHAPURAM,1
2428,31603 NAGALAKSHMI COOL DRINKS GRE,1053837,,9596563429,MEE SEVA CENTER,IPUR,CHILUMURU,1
2429,31604 NUKALAMMA P/S,1053838,,9703092344,MEE SEVA CENTER,IPUR,CHILUMURU,1
2430,31605 SRINIVASA RAO COOL DRINKS,1053839,,7981272744,MEE SEVA CENTER,IPUR,CHILUMURU,1
2431,31606 BHARATHI PAN SHOP,1053840,,9440025716,MEE SEVA CENTER,IPUR,CHILUMURU,1
2432,31607 SAMUDRAIAHA COOL DRINKS,1053841,,9702834802,MEE SEVA CENTER,IPUR,CHILUMURU,1
2433,31608 KRANTHI KUMAR TEA STALL,1053842,,8956194632,MEE SEVA CENTER,IPUR,CHILUMURU,1
2434,34290 PADMAVATI COOL DRINKS,1056524,,9912189394,,PENUMUDI,KANTAMRAJU KONDURU,1
2435,34291 GOPALASWAMY COOL DRINKS,1056525,,8886273764,,PENUMUDI,KANTAMRAJU KONDURU,1
2436,34292 ARJUN COOL DRINKS,1056526,,7780471660,,PENUMUDI,KANTAMRAJU KONDURU,1
2437,44986 SRI PARVATHI PARAMESHWARA COO GRE,1067220,,8121315303,HARIKA CABLE VISION,SIRIPURAM,VALLABHAPURAM,1
2438,8594 SIVA SAI DEPARTMENTAL STORES GRE,1030828,,9849031822,GOUTHAMI CHIT FUND,TENALI (M),ITHANAGAR,1
2439,8595 KAMAIAHA PAN SHOP GRE,1030829,,7702660897,DORADLA'S HOUSE,TENALI (M),ITHANAGAR,1
2440,8596 VEERA RAGHAVARAO PAN SHOP GRE,1030830,,9397995525,DORADLA'S HOUSE,TENALI (M),ITHANAGAR,1
2441,8597 PEDDANNA GENARAL GRE,1030831,,9848217163,QSSOT TECHNOLGY LTD,TENALI (M),ITHANAGAR,1
2442,8598 N.MALLIKARJUNA RAO GRE,1030832,,9985245987,MELWIN TECHNOLOGIES,TENALI (M),ITHANAGAR,1
2443,8672 OMKARA MURTHY COOL DRINKS,1030906,,9247339770,DORADLA'S HOUSE,TENALI (M),ITHANAGAR,1
2444,8673 RANGA REDDY PAN SHOP,1030907,,9885676596,GOUTHAMI CHIT FUND,TENALI (M),ITHANAGAR,1
2445,8674 ALFA PAN SHOP,1030908,,9985895211,JK COMPLEX,TENALI (M),ITHANAGAR,1
2446,8675 MIRCHI TEA CENTRE,1030909,,9703504548,NANNAPANENI TRUST,TENALI (M),ITHANAGAR,1
2447,42265 KARIMULLA PAN SHOP,1064499,,9985895291,QSSOT TECHNOLGY LTD,SRUNGARAPURAM,PEDAVADLAPUDI,1
2448,42266 SRI KRISHNA CHAITANYA COOL DR,1064500,,8019737184,QSSOT TECHNOLGY LTD,SRUNGARAPURAM,PEDAVADLAPUDI,1
2449,41545 PRISUDDHARAO PAN SHOP,1063779,,9640331584,,PANCHALAVARAM,GOVADA,1
2450,41546 LAKSHMI CIG SHOP,1063780,,9573518761,,PANCHALAVARAM,GOVADA,1
2451,8676 NATURAL PAN CENTRE,1030910,,9866866281,DORADLA'S HOUSE,TENALI (M),ITHANAGAR,1
2452,8677 KARUNAMAI PAN SHOP,1030911,,9959498018,GOUTHAMI CHIT FUND,TENALI (M),ITHANAGAR,1
2453,8678 SIVA SAI PAN SHOP,1030912,,9703367004,GOUTHAMI CHIT FUND,TENALI (M),ITHANAGAR,1
2454,8704 SRINIVASA PAN SHOP,1030938,,6301147942,GANDHINAGAR SUB POST OFFICE,TENALI (M),BOSE ROAD,1
2455,8705 VENKATA RAMANA PAN COOL DRINK,1030939,,7337982894,GANDHINAGAR SUB POST OFFICE,TENALI (M),BOSE ROAD,1
2456,8706 SAI PAN SHOP,1030940,,9505131942,GANDHINAGAR SUB POST OFFICE,TENALI (M),BOSE ROAD,1
2457,38852 A BASAVYYA GS GRE,1061086,,7337498289,MEE SEVA CENTER,PIDAPARRU,KOLLIPARA,1
2458,38853 RADHA KRISHNA COOL DRINKS GRE,1061087,,9573966522,MEE SEVA CENTER,PIDAPARRU,KOLLIPARA,1
2459,38854 SAI GS GRE,1061088,,9949149492,MEE SEVA CENTER,PIDAPARRU,KOLLIPARA,1
2460,38855 MANIKANTA COOP DRINKS,1061089,,9076094985,ASRK ASSOCIATES,PIDAPARRU,KOLLIPARA,1
2461,41547 RAMAKRISHNA PAN SHOP,1063781,,9959906016,,PANCHALAVARAM,GOVADA,1
2462,8707 RAMYA COOL DRINKS,1030941,,9246467941,GANDHINAGAR SUB POST OFFICE,TENALI (M),BOSE ROAD,1
2463,8708 SRI SRINIVASA SAI COOL DRINKS,1030942,,9885534230,YAMAHA SHOWROOM,TENALI (M),BOSE ROAD,1
2464,8709 SANGAM DAIRY,1030943,,8897698324,APEDCLTD ELECTRICITY BILL PAYMENTS,TENALI (M),BOSE ROAD,1
2465,8710 HAMISHS CIG SHOP,1030944,,9949409133,YAMAHA SHOWROOM,TENALI (M),BOSE ROAD,1
2466,8711 SRI SAIRAM COOL DRINKS,1030945,,9848817690,YAMAHA SHOWROOM,TENALI (M),BOSE ROAD,1
2467,8599 SRINIVASA REDDY KIRANA GRE,1030833,,9704260603,DORADLA'S HOUSE,TENALI (M),ITHANAGAR,1
2468,8600 SOWMYA GENARAL STORES GRE,1030834,,9949575046,ASRK ASSOCIATES,TENALI (M),ITHANAGAR,1
2469,8601 GOWSE GENARAL STORES GRE,1030835,,9966604054,MICHAEL CHITTALA,TENALI (M),BOSE ROAD,1
2470,8602 SRI LAKSHMI GENARAL STORES GRE,1030836,,9246713803,NTF BUILDING,TENALI (M),BOSE ROAD,1
2471,8603 PRABHAKARA GENARAL GRE,1030837,,9492689364,GANDHINAGAR SUB POST OFFICE,TENALI (M),BOSE ROAD,1
2472,8604 AMAR KIRANA GRE,1030838,,8885888487,,TENALI (M),BOSE ROAD,1
2473,8605 SURYA GENARAL GRE,1030839,,7842480988,REAL ESATE GUNTUR,TENALI (M),BOSE ROAD,1
2474,8606 LAKSHMI GANAPATI COOL DRINKS GRE,1030840,,8374028322,LIC AUTHORIZED PREMIUM COLLECTION CENTER,TENALI (M),MARKET CENTER,1
2475,8607 PADMAKSHI PAN SHOP GRE,1030841,,9966724956,VASAVISRI CHITFIN PVT LIMITED,TENALI (M),MARKET CENTER,1
2476,8608 SRI LAKSHMI KILLY SHOP GRE,1030842,,9440398133,GANDHINAGAR SUB POST OFFICE,TENALI (M),MARKET CENTER,1
2477,8609 P KOTESWARA RAO PAN SHOP GRE,1030843,,9885055963,UNIVERSAL ARCHITECTS,TENALI (M),MARKET CENTER,1
2478,8659 OMKAR GENERAL STORES GRE,1030893,,9985340032,GANDHINAGAR SUB POST OFFICE,TENALI (M),BUS STAND,1
2479,8660 SRINIVASARAO GEN STORES GRE,1030894,,9440496595,GANDHINAGAR SUB POST OFFICE,TENALI (M),BUS STAND,1
2480,8661 SUBRAHMANYAM GEN STORES GRE,1030895,,9247902091,THE UX GROUP - TENALI,TENALI (M),BUS STAND,1
2481,8662 APURUPA DEPARTMENTAL STORES GRE,1030896,,9248778531,GANDHINAGAR SUB POST OFFICE,TENALI (M),BUS STAND,1
2482,8663 SUBBRAMANYAM GENARAL STORES GRE,1030897,,9703223288,,TENALI (M),ITHANAGAR,1
2483,42403 PADMAVATI CIG SHOP GRE,1064637,,9642973984,,CHINTALAPUDI,KANTAMRAJU KONDURU,1
2484,42404 RAGHAVA PAN SHOP,1064638,,9849366752,,CHINTALAPUDI,KANTAMRAJU KONDURU,1
2485,8664 LAKSHMI SRAVANI GENERAL STORES GRE,1030898,,9290582775,,TENALI (M),MARKET CENTER,1
2486,8666 KEERTHI KAVYA COOL DRINKS,1030900,,9491337266,VSS HOMES,TENALI (M),ITHANAGAR,1
2487,8667 RAJESH PAN SHOP,1030901,,9290116159,VSS HOMES,TENALI (M),ITHANAGAR,1
2488,8668 VENKATESWARA PAN SHOP,1030902,,8099099369,VSS HOMES,TENALI (M),ITHANAGAR,1
2489,8712 SRI RAJYA LAKSHMI COOL DRINKS,1030946,,8919291072,ASRK ASSOCIATES,TENALI (M),BOSE ROAD,1
2490,8713 RAMANA COOL DRINKS,1030947,,8529637410,BLUE DART,TENALI (M),BOSE ROAD,1
2491,8714 VENKATESWRLU PAN SHOP,1030948,,7729020090,GST CONSULTANT MACHARLA NAVEEN KUMAR OFFICE,TENALI (M),BOSE ROAD,1
2492,8715 K KRISHNA PAN SHOP,1030949,,9247153440,DRBRAMBEDKAR SEVA TRUST,TENALI (M),BOSE ROAD,1
2493,8716 JANI PAN SHOP,1030950,,9666017219,DRBRAMBEDKAR SEVA TRUST,TENALI (M),BOSE ROAD,1
2494,8717 SRI PRIYANKA COOL DRINKS,1030951,,9842996232,DRBRAMBEDKAR SEVA TRUST,TENALI (M),BOSE ROAD,1
2495,8718 SUBBARAO PAN SHOP,1030952,,8897636395,CLASSIC ENTERPRISES,TENALI (M),BOSE ROAD,1
2496,44985 G.SATYANARAYANA GENARAL GRE,1067219,,9502959892,HARIKA CABLE VISION,SIRIPURAM,VALLABHAPURAM,1
2497,8610 NVS GANESH COOL DRINKS GRE,1030844,,8143167686,VASAVISRI CHITFIN PVT LIMITED,TENALI (M),MARKET CENTER,1
2498,8611 SAMADHANAM PAN SHOP GRE,1030845,,9848399294,UNIVERSAL ARCHITECTS,TENALI (M),MARKET CENTER,1
2499,8669 PAPARAO PAN SHOP,1030903,,9247194594,GANDHINAGAR SUB POST OFFICE,TENALI (M),ITHANAGAR,1
2500,8670 SURESH PAN SHOP,1030904,,9944886542,GANDHINAGAR SUB POST OFFICE,TENALI (M),ITHANAGAR,1
2501,8671 RAJINI COOL DRINKS,1030905,,9010515292,GANDHINAGAR SUB POST OFFICE,TENALI (M),ITHANAGAR,1
2502,8583 JAYA SRI HOME NEEDS ISS,1030817,,9849031822,GOUTHAMI CHIT FUND,TENALI (M),ITHANAGAR,1
2503,8584 SARADAMBA PROVISONS & FANCY ISS,1030818,,7981346565,ASHOKA RUBBER STAMP WORKS,TENALI (M),MARKET CENTER,1
2504,8586 SUBBRAMANYAM GENARAL STORES GRE,1030820,,9703223288,NANNAPANENI TRUST,TENALI (M),ITHANAGAR,1
2505,8587 MASTHAN RAO GENARAL STORES GRE,1030821,,9989146819,GANDHINAGAR SUB POST OFFICE,TENALI (M),ITHANAGAR,1
2506,8588 DEEPAK GENARAL STORES GRE,1030822,,8686064348,MICHAEL CHITTALA,TENALI (M),ITHANAGAR,1
2507,8589 TARUN GENARAL STORES GRE,1030823,,9849350332,DORADLA'S HOUSE,TENALI (M),ITHANAGAR,1
2508,8590 SRI DURGA SAI FANCY GRE,1030824,,9866051318,DORADLA'S HOUSE,TENALI (M),ITHANAGAR,1
2509,8591 AJAY GENARAL STORES GRE,1030825,,9393209888,MICHAEL CHITTALA,TENALI (M),ITHANAGAR,1
2510,8592 CHETTEMMA GENARAL STORES GRE,1030826,,9640619008,DORADLA'S HOUSE,TENALI (M),ITHANAGAR,1
2511,8593 REKHA GENARAL STORES GRE,1030827,,9985015872,NANNAPANENI TRUST,TENALI (M),ITHANAGAR,1
2512,43832 VEERABHADRAM PAN SHOP,1066066,,8143824825,BEIG GARI OFFICE,POTHUMARRU,VEMURU,1
2513,41263 ANAND CG SHOP,1063497,,6304325182,,THURUMELLA,GOVADA,1
2514,44491 ANJANEYA GUPTHA COOL DRINKS GRE,1066725,,8096182362,BEIG GARI OFFICE,ABBANAGUDAVALLI,VEMURU,1
2515,44492 VANAJA COOL DRINKS GRE,1066726,,6281092137,BEIG GARI OFFICE,ABBANAGUDAVALLI,VEMURU,1
2516,41033 RAGHAVAMMA PAN SHOP GRE,1063267,,9640274361,,CHIVALUR,KANTAMRAJU KONDURU,1
2517,41034 SAMBAIAHA PAN SHOP,1063268,,8179139705,,CHIVALUR,KANTAMRAJU KONDURU,1
2518,41035 SAMBAIAHA CIG SHOP,1063269,,9908665598,,CHIVALUR,KANTAMRAJU KONDURU,1
2519,43970 GOPI COOL DRINKS&GENARAL STORES GRE,1066204,,9966083560,GST CONSULTANT MACHARLA NAVEEN KUMAR OFFICE,THOTTEMPUDI,MODUKURU,1
2520,43971 PADMMAYYA PAN SHOP,1066205,,9963944566,GST CONSULTANT MACHARLA NAVEEN KUMAR OFFICE,THOTTEMPUDI,MODUKURU,1
2521,41856 GEETHIKA COOL DRINKS,1064090,,9701238378,KANAGALA INVESTMENT SERVICES,CHINAPULIVARRU,KOLLUR,1
2522,41857 V.SRINIVASA RAO COOL DRINKS,1064091,,7893140277,HARIKA CABLE VISION,CHINAPULIVARRU,KOLLUR,1
2523,43736 ALLA SAMBIREDDY PAN SHOP,1065970,,9553743492,HARIKA CABLE VISION,NELAPADU,VALLABHAPURAM,1
2524,43737 M.SRINIVASA RAO COOL DRINKS,1065971,,9515834245,HARIKA CABLE VISION,NELAPADU,VALLABHAPURAM,1
2525,39416 SESHU P/S,1061650,,8897599455,QSSOT TECHNOLGY LTD,YELAVARRU,GOVADA,1
2526,39417 KUMAR C/S,1061651,,9866426200,QSSOT TECHNOLGY LTD,YELAVARRU,GOVADA,1
2527,39418 SRINU C/D,1061652,,9949678769,QSSOT TECHNOLGY LTD,YELAVARRU,GOVADA,1
2528,43831 PARRY COOL DRINKS,1066065,,7675853157,BEIG GARI OFFICE,POTHUMARRU,VEMURU,1
2529,40090 ASHOK KUMAR GENARAL STORES GRE,1062324,,8639516581,MEE SEVA CENTER,ALAPADU,MODUKURU,1
2530,40091 AYAPPA KIRANA GRE,1062325,,8688380653,GST CONSULTANT MACHARLA NAVEEN KUMAR OFFICE,ALAPADU,MODUKURU,1
2531,40092 PUJEETHA FANSCY GRE,1062326,,8688866160,BLUE DART,ALAPADU,MODUKURU,1
2532,40093 C. H. RAMESH GENARAL STORES GRE,1062327,,6302488403,GST CONSULTANT MACHARLA NAVEEN KUMAR OFFICE,ALAPADU,MODUKURU,1
2533,43047 SATYANARAYAN COOL DRINKS GRE,1065281,,9703551869,MEE SEVA CENTER,CHEMUDUPADU,KOLLIPARA,1
2534,43048 SRI VAISHNAVI CIG SHOP,1065282,,9490724089,MEE SEVA CENTER,CHEMUDUPADU,KOLLIPARA,1
2535,35356 LAKSHMI NARAYANA COOL DRINKS GRE,1057590,,9701170720,,ANANTHAVARAM,CHILUMURU,1
2536,35357 SATHISH COOL DRINKS GRE,1057591,,9642241748,MEE SEVA CENTER,ANANTHAVARAM,CHILUMURU,1
2537,35358 VASU COOL DRINKS GRE,1057592,,7207449458,MEE SEVA CENTER,ANANTHAVARAM,CHILUMURU,1
2538,35359 L.K.PAN SHOP,1057593,,9490613113,MEE SEVA CENTER,ANANTHAVARAM,CHILUMURU,1
2539,35360 L.PRABHAKARA REDDY COOL DRINK,1057594,,9399931670,MEE SEVA CENTER,ANANTHAVARAM,CHILUMURU,1
2540,33579 RAGHAVA RAO GENARAL STORES GRE,1055813,,8019010097,MEE SEVA CENTER,CHINAPARIMI,MODUKURU,1
2541,33580 MALLIKARJUNA GENARAL STORES GRE,1055814,,7801089011,ASRK ASSOCIATES,CHINAPARIMI,MODUKURU,1
2542,33581 SEKHAR REDDY COOL DRINKS,1055815,,9618573690,ASRK ASSOCIATES,CHINAPARIMI,MODUKURU,1
2543,33582 M. LOKESH COOL DRINKS,1055816,,8886833287,ASRK ASSOCIATES,CHINAPARIMI,MODUKURU,1
2544,33583 SAI RAM COOL DRINKS,1055817,,6303438476,MEE SEVA CENTER,CHINAPARIMI,MODUKURU,1
2545,36134 KANAKA DURGA C/S,1058368,,8328513420,,PYAPARRU,GOVADA,1
2546,29336 BALU COOL DRINKS GRE,1051570,,9491610591,,PERAKALAPUDI,KANTAMRAJU KONDURU,1
2547,29337 LAKSHMI NARAYANA COOL DRINKS GRE,1051571,,9701170720,,PERAKALAPUDI,KANTAMRAJU KONDURU,1
2548,29338 ABDULLA COOL DRINKS,1051572,,9963611949,,PERAKALAPUDI,KANTAMRAJU KONDURU,1
2549,29339 MOHALI CIG SHOP,1051573,,9390540113,,PERAKALAPUDI,KANTAMRAJU KONDURU,1
2550,29340 PRAMEELA COOL DRINKS,1051574,,9948161984,,PERAKALAPUDI,KANTAMRAJU KONDURU,1
2551,8690 PRASAD PAN SHOP,1030924,,9966574702,BEIG GARI OFFICE,TENALI (M),BOSE ROAD,1
2552,8691 MOURYA PAN SHOP,1030925,,6301492348,LIC AUTHORIZED PREMIUM COLLECTION CENTER,TENALI (M),BOSE ROAD,1
2553,8692 ALFA TEA HOUSE,1030926,,7013003202,,TENALI (M),BOSE ROAD,1
2554,8693 JAI DEV TEAM STALL,1030927,,9246280444,LIC AUTHORIZED PREMIUM COLLECTION CENTER,TENALI (M),BOSE ROAD,1
2555,8694 LAKSHMI PAN COOL DRINKS,1030928,,9392277911,,TENALI (M),BOSE ROAD,1
2556,8695 VENKATA SAIRAM COOL DRINKS,1030929,,8125953013,MEE SEVA,TENALI (M),BOSE ROAD,1
2557,8696 NATHAN TEA STALL,1030930,,9949302027,MEE SEVA,TENALI (M),BOSE ROAD,1
2558,8697 BEST KILLI SHOP,1030931,,9247170614,CLASSIC ENTERPRISES,TENALI (M),BOSE ROAD,1
2559,8698 ARAVIND COOL DRINKS,1030932,,9298004828,ASRK ASSOCIATES,TENALI (M),BOSE ROAD,1
2560,8699 SOWMYA COOL DRINKS,1030933,,9247897910,GST CONSULTANT MACHARLA NAVEEN KUMAR OFFICE,TENALI (M),BOSE ROAD,1
2561,8700 SAMBA SIVA COOL DRINKS,1030934,,9912443757,NTF BUILDING,TENALI (M),BOSE ROAD,1
2562,8763 BAWARCHI PAN SHOP,1030997,,8688985304,PRIYAMSIKA MENTOR OF YOUR LIFE,TENALI (M),BUS STAND ROUTE,1
2563,8764 SRI VYSHNAVI COOL DRINKS,1030998,,8801784860,DRBRAMBEDKAR SEVA TRUST,TENALI (M),BUS STAND ROUTE,1
2564,8765 AMARAVATI PAN SHOP,1030999,,8897599455,GST CONSULTANT MACHARLA NAVEEN KUMAR OFFICE,TENALI (M),BUS STAND ROUTE,1
2565,8766 ROSHAN PAN SHOP,1031000,,7207743540,PRIYAMSIKA MENTOR OF YOUR LIFE,TENALI (M),BUS STAND ROUTE,1
2566,8767 TAQDEER PAN SHOP,1031001,,9848308104,,TENALI (M),ITHANAGAR,1
2567,8701 SRIDHAR COOL DRINKS,1030935,,7893104975,CLASSIC ENTERPRISES,TENALI (M),BOSE ROAD,1
2568,8702 TEA TIME PAN SHOP,1030936,,7396404513,CLASSIC ENTERPRISES,TENALI (M),BOSE ROAD,1
2569,8703 NIRMALA COOL DRINKS,1030937,,9160909755,BEIG GARI OFFICE,TENALI (M),BOSE ROAD,1
2570,8768 SRINIVASA CIG DRINKS,1031002,,7013278402,JK COMPLEX,TENALI (M),ITHANAGAR,1
2571,8769 BABURAO COOL DRINKS,1031003,,9963630422,NTF BUILDING,TENALI (M),ITHANAGAR,1
2572,8770 NATURAL PAN CENTRE,1031004,,8886027712,NANNAPANENI TRUST,TENALI (M),TENALI (M),1
2573,8771 VENU GOPAL PAN SHOP,1031005,,9805549027,GOUTHAMI CHIT FUND,TENALI (M),TENALI (M),1
2574,8772 SURESH COOL DRINKS,1031006,,9652058787,GANDHINAGAR SUB POST OFFICE,TENALI (M),TENALI (M),1
2575,8773 SAMBA SIVA PAN SHOP,1031007,,9059917226,VASAVISRI CHITFIN PVT LIMITED,TENALI (M),TENALI (M),1
2576,8774 ARUNA PAN SHOP,1031008,,9000044878,ASHOKA RUBBER STAMP WORKS,TENALI (M),TENALI (M),1
2577,8775 HI LOOK PAN SHOP,1031009,,9705122665,UNIVERSAL ARCHITECTS,TENALI (M),TENALI (M),1
2578,8776 DURGA BHAVANI COOL DRINKS,1031010,,9550172074,MSAI APARTMENTS,TENALI (M),TENALI (M),1
2579,8719 TAQDEER PAN SHOP,1030953,,9848308104,BLUE DART,TENALI (M),BOSE ROAD,1
2580,8720 T.KOTESWARA RAO PAN SHOP,1030954,,9246280444,ASRK ASSOCIATES,TENALI (M),BOSE ROAD,1
2581,8721 KASI PANSHOP,1030955,,8500024268,BLUE DART,TENALI (M),BOSE ROAD,1
2582,8722 MOHAN COOL DRINKS,1030956,,9700983456,LIC AUTHORIZED PREMIUM COLLECTION CENTER,TENALI (M),BOSE ROAD,1
2583,8749 SAI SIRI PAN SHOP,1030983,,9908172720,DRBRAMBEDKAR SEVA TRUST,TENALI (M),BUS STAND ROUTE,1
2584,8750 BASAVAIAHA PAN SHOP,1030984,,9985383631,DRBRAMBEDKAR SEVA TRUST,TENALI (M),BUS STAND ROUTE,1
2585,8751 SHEELA PANSHOP,1030985,,8886996982,DRBRAMBEDKAR SEVA TRUST,TENALI (M),BUS STAND ROUTE,1
2586,8752 SAI BABA PAN SHOP,1030986,,9848632477,DRBRAMBEDKAR SEVA TRUST,TENALI (M),BUS STAND ROUTE,1
2587,8753 SRI LAKSHMI VENKATESWARA BAIN,1030987,,8712222480,,TENALI (M),BUS STAND ROUTE,1
2588,8754 LAKSHMI TIFFEN CENTRE,1030988,,9652706624,GST CONSULTANT MACHARLA NAVEEN KUMAR OFFICE,TENALI (M),BUS STAND ROUTE,1
2589,8723 JANI LL PAN SHOP,1030957,,9866889557,YAMAHA SHOWROOM,TENALI (M),BOSE ROAD,1
2590,8724 SWARAJ LAKSHMI PAN SHOP,1030958,,9949409133,BEIG GARI OFFICE,TENALI (M),BOSE ROAD,1
2591,8725 MANOJ PAN SHOP,1030959,,9246006677,GANDHINAGAR SUB POST OFFICE,TENALI (M),BOSE ROAD,1
2592,8726 KASI PAN SHOP,1030960,,9246843215,ASHOKA RUBBER STAMP WORKS,TENALI (M),MARKET CENTER,1
2593,8727 BISMILLAH PAN SHOP,1030961,,,UNIVERSAL ARCHITECTS,TENALI (M),MARKET CENTER,1
2594,8755 PAVANASUTHA COOL DRINKS,1030989,,9398345633,JK COMPLEX,TENALI (M),BUS STAND ROUTE,1
2595,8756 SRI SAI MANIKANTA COOL DRINKS,1030990,,9666390003,DRBRAMBEDKAR SEVA TRUST,TENALI (M),BUS STAND ROUTE,1
2596,8757 MAMATHA PAN SHOP,1030991,,9885700299,TANVITHA SYSLINK COMMUNICATIONS PVT LTD,TENALI (M),BUS STAND ROUTE,1
2597,8758 RAJU PANSHOP,1030992,,9298606241,DRBRAMBEDKAR SEVA TRUST,TENALI (M),BUS STAND ROUTE,1
2598,8759 SAI BALAJI COOL DRINKS,1030993,,8341053557,DRBRAMBEDKAR SEVA TRUST,TENALI (M),BUS STAND ROUTE,1
2599,8728 SUMAN PAN SHOP,1030962,,9885462684,UNIVERSAL ARCHITECTS,TENALI (M),MARKET CENTER,1
2600,8729 SANDYS PAN SHOP,1030963,,8121873100,ASHOKA RUBBER STAMP WORKS,TENALI (M),MARKET CENTER,1
2601,8730 SRI MANIKANTA COOL DRINKS,1030964,,9491664113,VASAVISRI CHITFIN PVT LIMITED,TENALI (M),MARKET CENTER,1
2602,8731 LOVELY TEA STALL,1030965,,8121315285,VASAVISRI CHITFIN PVT LIMITED,TENALI (M),MARKET CENTER,1
2603,8760 M WINES PAN SHOP,1030994,,9701899146,DRBRAMBEDKAR SEVA TRUST,TENALI (M),BUS STAND ROUTE,1
2604,8761 VIJAYA KRISHNA JUICE STALL,1030995,,9550739829,PRIYAMSIKA MENTOR OF YOUR LIFE,TENALI (M),BUS STAND ROUTE,1
2605,8762 VENKATESWARLU PAN SHOP,1030996,,9292656360,BLUE DART,TENALI (M),BUS STAND ROUTE,1
2606,8732 SHANKAR PAN SHOP,1030966,,9866817966,SRI VIJAY LAXMI NARASIMHA TIMBER DEPOT TENALI,TENALI (M),MARKET CENTER,1
2607,8733 SRI PRASSANNA NOTHING DETAILS,1030967,,,ANDHRA PRABHA OFFICE,TENALI (M),MARKET CENTER,1
2608,8734 VENUS PAN SHOP,1030968,,8886135252,VASAVISRI CHITFIN PVT LIMITED,TENALI (M),MARKET CENTER,1
2609,8735 VISALANDRA PAN SHOP,1030969,,9885114144,UNIVERSAL ARCHITECTS,TENALI (M),MARKET CENTER,1
2610,8736 RAMU PAN SHOP,1030970,,8897268468,D V L GANAPATHI RAO,TENALI (M),MARKET CENTER,1
2611,8737 DAIMOUND PAN SHOP,1030971,,9849843188,ANDHRA PRABHA OFFICE,TENALI (M),MARKET CENTER,1
2612,8738 NAGARAJU TEA STALL,1030972,,9966233335,TANVITHA SYSLINK COMMUNICATIONS PVT LTD,TENALI (M),MARKET CENTER,1
2613,8739 SURESH WINES,1030973,,9666462435,UNIVERSAL ARCHITECTS,TENALI (M),MARKET CENTER,1
2614,8740 VENKATESWARA TEA STALL,1030974,,9010295338,VASAVISRI CHITFIN PVT LIMITED,TENALI (M),MARKET CENTER,1
2615,8741 SANNA PAN SHOP,1030975,,9160950744,PREM PROJECTOR ADS HEAD OFFICE,TENALI (M),MARKET CENTER,1
2616,8742 SRI SAI COOL DRINKS,1030976,,9160659974,DRBRAMBEDKAR SEVA TRUST,TENALI (M),BUS STAND ROUTE,1
2617,8743 SRINIVASA COOL DRINKS,1030977,,9908678973,PRIYAMSIKA MENTOR OF YOUR LIFE,TENALI (M),BUS STAND ROUTE,1
2618,8744 RADHA COOL DRINKS,1030978,,9491108869,VASAVISRI CHITFIN PVT LIMITED,TENALI (M),BUS STAND ROUTE,1
2619,8745 KASULU TEA STALL,1030979,,8125241009,BLUE DART,TENALI (M),BUS STAND ROUTE,1
2620,8746 MAHADEV TEA STALL,1030980,,9030108356,DRBRAMBEDKAR SEVA TRUST,TENALI (M),BUS STAND ROUTE,1
2621,8747 KRISHNAMURTHI PAN SHOP,1030981,,9247239151,GST CONSULTANT MACHARLA NAVEEN KUMAR OFFICE,TENALI (M),BUS STAND ROUTE,1
2622,8679 SANA PAN SHOP,1030913,,9032144234,JK COMPLEX,TENALI (M),ITHANAGAR,1
2623,8680 MEERA RAJU PAN SHOP,1030914,,7337015546,MELWIN TECHNOLOGIES,TENALI (M),ITHANAGAR,1
2624,8681 SRI BALAJI PAN SHOP,1030915,,9849942996,,TENALI (M),ITHANAGAR,1
2625,8682 GEETHA CAFE PAN SHOP,1030916,,8885922259,JK COMPLEX,TENALI (M),ITHANAGAR,1
2626,8683 WELCOME PAN SHOP,1030917,,9890807939,LAKSHMI THULASI APARTMENTS ITHANAGAR,TENALI (M),ITHANAGAR,1
2627,8748 DAIMOUND TEA STALL,1030982,,7207720760,DRBRAMBEDKAR SEVA TRUST,TENALI (M),BUS STAND ROUTE,1
2628,8684 VENKATA SAI COOL DRINKS,1030918,,9849252837,ASRK ASSOCIATES,TENALI (M),ITHANAGAR,1
2629,8685 JAI GOWRI FANCY STORES,1030919,,9293001756,,TENALI (M),ITHANAGAR,1
2630,8686 DEVAKI COOL DRINKS,1030920,,7893314280,QSSOT TECHNOLGY LTD,TENALI (M),ITHANAGAR,1
2631,8687 LOOTHAR PAN SHOP,1030921,,9014716866,MELWIN TECHNOLOGIES,TENALI (M),ITHANAGAR,1
2632,8688 CH.MOHAN RAO PAN SHOP,1030922,,7893109491,,TENALI (M),ITHANAGAR,1
2633,8689 SEETHAMBA PAN SHOP,1030923,,9985151212,SHIRDI SQUARE,TENALI (M),BOSE ROAD,1
2634,BHASKER,21037666,,9542376154,,DONEPUDI,donaipudi main road,1
2635,SAI SUDHAKER,21036960,,9885751900,,DONEPUDI,KOLLUR,1
2636,GANESH KUMAR,21036961,,8688545494,,POTHARLANKA,KOLLUR,1
2637,PRAKASWARA RAO GS,21036962,,9849074436,,POTHARLANKA,KOLLUR,1
2638,P SAMBASIVA RAO,21049196,,9948256993,,CHILUMURU,CHILUMURU,1
2639,T VENKATESHWARULU,21049197,,9908272233,,VEMURU,VEMURU,1
2640,SRI RAJA RAJESHWARI WHOLESALE POINT,21049212,,7396043590,,KOLLUR,KOLLURU,1
2641,SRI LAKSHMI DURGA GEBERAL TRADERS,21049213,,9848107243,,KOLLUR,KOLLURU,1
2642,SAI SIRISHA GENERAL TRADERS,21049214,,9550892822,,KOLLUR,KOLLURU,1
2643,"B,KOTESHWARA RAO",21049215,,9177485276,,KOLLUR,KOLLURU,1
2644,SRI LAKSHMI SAMBA SIVA GRAND MART,21049216,,9502322533,,AMRUTHALUR,Amruthalur,1
2645,G SURESH GENERAL STORES,21049217,,9908163645,,AMRUTHALUR,Amruthalur,1
2646,K KOTESHWARA RAO,21049221,,9989391209,,KUCHIPUDI,KUCHIPUDI,1
2647,K SATYANARAYANA GENERAL STORES,21049222,,9396724767,,INTUR,inturu,1
2648,KOMMURI RAMESH BABU,21049223,,9381155821,,MULPUR,Mulupuru,1
2649,PATAN FIROZ KHAN,21049224,,9640582085,,CHILUMURU,CHILUMURU,1
2650,SRI DEVI GENERAL STORES,21049225,,9704626090,,NUTAKKI,nutakki,1
2651,PRASANNA VIGNESWARA GENERAL STORES,21049226,,8500221462,,EMANI,Emani,1
2652,SRI RENUKA MATHA COOL DRINKS,21049227,,9640789920,,VALLABHAPURAM,VALLABHAPURAM,1
2653,SUBRAHMANEYSWARA SUPER MARKET,21049228,,9705722825,,MUNNANGI,Munnangi,1
2654,KOTA MANGAMMA GENERAL STORES,21049229,,8790466260,,DAVULURU,Davuluru,1
2655,SRI AMMANI SUPER MARKET,21049230,,9866068260,,CHAVALI,chavali,1
2656,SRI VENKATESHWARA PAN  COOL DRINKS,21049231,,9989112565,,CHAVALI,Chavali,1
2657,SIVA KOTI,21049232,,9849354420,,THUMULURU,Thumuluru,1
2658,KANYA KUMARI GENERAL STORES,21049233,,9533352979,,PERAVALI,Peravali,1
2659,N KRANTI KUNAR,21049234,,9000591200,,ANANTHAVARAM,Ananthavaram,1
2660,21118 UMA SIVA SAI COOL DRINKS,1043352,,9010231515,PEDAVADLAPUDI CENTER,DUGGIRALA,PEDAVADLAPUDI,1
2661,21119 SUDHAKAR COOL DRINKS,1043353,,9866805808,SHAIK SUBHANI SAHEB FRIEND CIRCLE,DUGGIRALA,PEDAVADLAPUDI,1
2662,21120 ANSARI COOL DRINKS,1043354,,7981545082,SHAIK SUBHANI SAHEB FRIEND CIRCLE,DUGGIRALA,PEDAVADLAPUDI,1
2663,21121 MANTHAN VALI,1043355,,9030714746,,DUGGIRALA,PEDAVADLAPUDI,1
2664,21122 NAGESWARA CIG SHOP,1043356,,9959165943,SHAIK SUBHANI SAHEB FRIEND CIRCLE,DUGGIRALA,PEDAVADLAPUDI,1
2665,21115 VENKAT RATHANM CIG SHOP,1043349,,9948241997,PEDAVADLAPUDI CENTER,DUGGIRALA,PEDAVADLAPUDI,1
2666,21116 DURGA BHAVANI COOL DRINKS,1043350,,9000044878,DESABOYINA TOWERS,DUGGIRALA,PEDAVADLAPUDI,1
2667,21117 K VENKATESWRA RAO,1043351,,9490170319,PEDAVADLAPUDI CENTER,DUGGIRALA,PEDAVADLAPUDI,1
2668,19662 VEERA KAH CIG SHOP,1041896,,9494579027,RAILWAY PARCEL OFFICE,KOLLIPARA,KOLLIPARA,1
2669,19663 KRISHNA COOL DRINKS,1041897,,7842001985,RAILWAY PARCEL OFFICE,KOLLIPARA,KOLLIPARA,1
2670,19664 PRATAP PAN SHOP,1041898,,8008692161,RAILWAY PARCEL OFFICE,KOLLIPARA,KOLLIPARA,1
2671,19665 PADMMAYYA COOL DRINKS,1041899,,9985309023,RAILWAY PARCEL OFFICE,KOLLIPARA,KOLLIPARA,1
2672,19666 GOPI COOL DRINKS SHOP,1041900,,9032589143,RAILWAY PARCEL OFFICE,KOLLIPARA,KOLLIPARA,1
2673,18035 SRINIVASA RAO COOL DRINKS,1040269,,8522991106,,KOLLUR,KOLLUR,1
2674,19667 NANCHARAYYA COOL DRINK SHOP,1041901,,9963337038,RAILWAY PARCEL OFFICE,KOLLIPARA,KOLLIPARA,1
2675,19668 M.M.S RAO CIG SHOP,1041902,,9248680526,RAILWAY PARCEL OFFICE,KOLLIPARA,KOLLIPARA,1
2676,19669 HUSSEN PAN SHOP,1041903,,9396866176,RAILWAY PARCEL OFFICE,KOLLIPARA,KOLLIPARA,1
2677,19670 SAMBIREDDY PAN SHOP,1041904,,8008352024,RAILWAY PARCEL OFFICE,KOLLIPARA,KOLLIPARA,1
2678,18059 HANUMANTHARAO GENARAL STORES GRE,1040293,,9290431187,,KOLAKALURU,KOLAKALURU,1
2679,18060 R SAMBHASIVA RAO COOL DRINKS,1040294,,9849609847,,KOLAKALURU,KOLAKALURU,1
2680,18061 T SRINIVASARAO COOL DRINKS,1040295,,8297760560,,KOLAKALURU,KOLAKALURU,1
2681,18062 SAID LEELA PAN SHOP,1040296,,9160640804,,KOLAKALURU,KOLAKALURU,1
2682,18063 PATIMA PAN SHOP,1040297,,9391870093,,KOLAKALURU,KOLAKALURU,1
2683,18064 VASU COOL DRINKS,1040298,,7661091019,,KOLAKALURU,KOLAKALURU,1
2684,18065 RAJA COOL DRINKS,1040299,,8074853793,,KOLAKALURU,KOLAKALURU,1
2685,18066 SUBBARAO COOL DRINKS,1040300,,7702817819,,KOLAKALURU,KOLAKALURU,1
2686,18067 NEELAM SRINIVAS PAN,1040301,,,,KOLAKALURU,KOLAKALURU,1
2687,18068 SURYA ANAND C/S,1040302,,9393074032,,KOLAKALURU,KOLAKALURU,1
2688,18069 ABI PAN,1040303,,9985039039,,KOLAKALURU,KOLAKALURU,1
2689,18070 THAYARU C/D,1040304,,9848713782,,KOLAKALURU,KOLAKALURU,1
2690,18071 SRI SAI C/S,1040305,,8555924432,MSAI APARTMENTS,KOLAKALURU,KOLAKALURU,1
2691,18072 SRINIVASA GENERAL STORE,1040306,,8977760560,,KOLAKALURU,KOLAKALURU,1
2692,21501 SAMBA SIVA RAO CIG SHOP GRE (T),1043735,,8142309144,HARIKA CABLE VISION,BALIJEPALLE,VEMURU,1
2693,21502 NARAYANA RAO CIG SHOP GRE (T),1043736,,9248548218,HARIKA CABLE VISION,BALIJEPALLE,VEMURU,1
2694,21503 YESURATHANAM COOL DRINKS GRE,1043737,,7672077769,BEIG GARI OFFICE,BODAPADU,VEMURU,1
2695,21504 SOWMIKA GENARAL STORES GRE,1043738,,9989101032,BEIG GARI OFFICE,VEMURU,VEMURU,1
2696,21505 SRINIVASA GENARAL STORES GRE,1043739,,9701163659,BEIG GARI OFFICE,VEMURU,VEMURU,1
2697,19660 SANJEEV REDDY COOL DRINK SHOP GRE,1041894,,9701163659,BLUE DART,KOLLIPARA,KOLLIPARA,1
2698,18022 YALAVARTHI SANGAM DAIRY GRE,1040256,,9908715570,,KOLLUR,KOLLUR,1
2699,18023 SRINIVASAMMA COOL DRINKS GRE,1040257,,9154677190,,KOLLUR,KOLLUR,1
2700,18024 RAGAVENDRA GENRAL GRE,1040258,,8374303332,,KOLLUR,KOLLUR,1
2701,18025 SRINIVASA GS GRE,1040259,,9290833690,,KOLLUR,KOLLUR,1
2702,18026 VINAY KUMAR GS GRE,1040260,,,MELWIN TECHNOLOGIES,KOLLUR,KOLLUR,1
2703,18027 SIVA VENKATESWARA GS GRE,1040261,,9121515176,MELWIN TECHNOLOGIES,KOLLUR,KOLLUR,1
2704,18028 PARRY GS GRE,1040262,,9848932279,MELWIN TECHNOLOGIES,KOLLUR,KOLLUR,1
2705,18029 VENKATESWARA COOL DRINKS,1040263,,9290068877,MELWIN TECHNOLOGIES,KOLLUR,KOLLUR,1
2706,23243 MAHABOB COOL DRINKS GRE,1045477,,9963876274,,EMANI,KANTAMRAJU KONDURU,1
2707,18030 BALAJI STD,1040264,,7893521775,,KOLLUR,KOLLUR,1
2708,18031 SURESH BABU COOL DRINKS,1040265,,9849912068,,KOLLUR,KOLLUR,1
2709,18032 KARNUDU PAN SHOP,1040266,,8185913658,MELWIN TECHNOLOGIES,POTHARLANKA,KOLLUR,1
2710,18033 A.SRINIVASA RAO PAN SHOP,1040267,,9949436079,MELWIN TECHNOLOGIES,DONEPUDI,KOLLUR,1
2711,18034 SUBBARAO COOL DRINKS,1040268,,9160425153,,KOLLUR,KOLLUR,1
2712,23244 VASU GERAL STORES GRE,1045478,,9000723070,,EMANI,KANTAMRAJU KONDURU,1
2713,23245 SUBBARAO GS GRE,1045479,,8500065623,,EMANI,KANTAMRAJU KONDURU,1
2714,23246 KUMAR GS GRE,1045480,,9573739742,,EMANI,KANTAMRAJU KONDURU,1
2715,23247 KANAKAPTLAMMATHALLI COOL DRIN,1045481,,9550172074,,EMANI,KANTAMRAJU KONDURU,1
2716,23248 MAHALAKSHMI COOL DRINKS,1045482,,9666424897,,EMANI,KANTAMRAJU KONDURU,1
2717,23249 MOHAN COOL DRINKS,1045483,,9700983456,,EMANI,KANTAMRAJU KONDURU,1
2718,19880 BHARGAVA COOL DRINKS GRE,1042114,,9010544215,,PEDAVADLAPUDI,PEDAVADLAPUDI,1
2719,19881 ANNAPURNA GENARAL STORES GRE,1042115,,8801927865,,PEDAVADLAPUDI,PEDAVADLAPUDI,1
2720,19882 JAGAN MOHAN RAO GS GRE,1042116,,8142295141,KHETHINEXT,PEDAVADLAPUDI,PEDAVADLAPUDI,1
2721,19883 NAGARAJU GS GRE,1042117,,9581391764,,PEDAVADLAPUDI,PEDAVADLAPUDI,1
2722,19884 VENKATESWARLU GS GRE,1042118,,9886402235,,PEDAVADLAPUDI,PEDAVADLAPUDI,1
2723,21506 G SRINIVASA RAO GENERAL GRE,1043740,,8790921910,BEIG GARI OFFICE,VEMURU,VEMURU,1
2724,21507 G SATYA NARAYANA GENERAL STORES GRE,1043741,,7036109657,BEIG GARI OFFICE,VEMURU,VEMURU,1
2725,21508 RAMESH CIG SHOP,1043742,,9949434407,GANDHINAGAR SUB POST OFFICE,VEMURU,VEMURU,1
2726,21509 VAMSI FANCY AND COOL DRINKS,1043743,,9989015679,BEIG GARI OFFICE,VEMURU,VEMURU,1
2727,21510 JANAKAMMA CIG SHOP,1043744,,6305663622,GANDHINAGAR SUB POST OFFICE,VEMURU,VEMURU,1
2728,21511 SIVAIAHA CIG SHOP,1043745,,9490724089,BEIG GARI OFFICE,VEMURU,VEMURU,1
2729,19885 SAMBHASIVA GS GRE,1042119,,9848567178,,PEDAVADLAPUDI,PEDAVADLAPUDI,1
2730,19886 LAKSHMI NARAYANA GEREAL STORE GRE,1042120,,9966123730,,PEDAVADLAPUDI,PEDAVADLAPUDI,1
2731,19887 APSARA TEA CENTRE,1042121,,9849378853,,PEDAVADLAPUDI,PEDAVADLAPUDI,1
2732,19888 SRI VANI COOL DRINKS,1042122,,9989304969,,PEDAVADLAPUDI,PEDAVADLAPUDI,1
2733,19889 SRI BHARGAVI PAN SHOP,1042123,,8555046264,,PEDAVADLAPUDI,PEDAVADLAPUDI,1
2734,21512 K RAMAKRISHNA COOL DRINKS,1043746,,8332954537,BEIG GARI OFFICE,VEMURU,VEMURU,1
2735,20446 KRISHNA CIG SHOP,1042680,,7702848779,,KATEVARAM,KOLAKALURU,1
2736,20447 SK BAJI COOL DRINK SHOP,1042681,,9581983425,,KATEVARAM,KOLAKALURU,1
2737,20448 T SAMBAYYA PAN SHOP,1042682,,9966824654,,KATEVARAM,KOLAKALURU,1
2738,20449 PATCHA JAGAN MOHAN RAO COOL D,1042683,,6281156399,MELWIN TECHNOLOGIES,KATEVARAM,KOLAKALURU,1
2739,23250 SRINIVASA RAO COOL DRINKS,1045484,,9949841178,,EMANI,KANTAMRAJU KONDURU,1
2740,23251 BRHAMAIAHA COOL DRINKS,1045485,,9581102364,,EMANI,KANTAMRAJU KONDURU,1
2741,23252 CHITTEMMA PAN SHOP,1045486,,8142415133,,EMANI,KANTAMRAJU KONDURU,1
2742,23253 MANIKANTA SAI COOL DRINKS,1045487,,8125829394,,EMANI,KANTAMRAJU KONDURU,1
2743,23254 MANICHANDANA CIG SHOP,1045488,,8712127242,,EMANI,KANTAMRAJU KONDURU,1
2744,20450 SRI LAXMI SRINIVASA COOL DRIN,1042684,,9701701835,MELWIN TECHNOLOGIES,KATEVARAM,KOLAKALURU,1
2745,20451 RANGA RAO COOL DRINK SHOP,1042685,,9490315717,,KATEVARAM,KOLAKALURU,1
2746,20452 SITARAMAYYA COOL DRINKS,1042686,,9885718074,,KATEVARAM,KOLAKALURU,1
2747,19658 RAGHAVA RAO COOL DRINKS GRE,1041892,,9154677190,ANDHRA BANK,KOLLIPARA,KOLLIPARA,1
2748,19659 PADMA PAN SHOP GRE,1041893,,9966805707,ANDHRA BANK,KOLLIPARA,KOLLIPARA,1
2749,19661 TIRUMALA CIG SHOP,1041895,,9441110288,RAILWAY PARCEL OFFICE,KOLLIPARA,KOLLIPARA,1
2750,21830 RAMESH COOL DRINKS GRE,1044064,,8500989194,SHAIK SUBHANI SAHEB FRIEND CIRCLE,NUTAKKI,PEDAVADLAPUDI,1
2751,21831 VENKATRAMAN COOL DRINKS,1044065,,8019737184,,NUTAKKI,PEDAVADLAPUDI,1
2752,21832 RAMA CIG SHOP,1044066,,9515770644,,NUTAKKI,PEDAVADLAPUDI,1
2753,21833 KISHOR COOL DRINKS,1044067,,9290918252,SHAIK SUBHANI SAHEB FRIEND CIRCLE,NUTAKKI,PEDAVADLAPUDI,1
2754,21834 OM SAI RAM CIG SHOP,1044068,,9603934506,PEDAVADLAPUDI CENTER,NUTAKKI,PEDAVADLAPUDI,1
2755,21106 SATYAVATHI GENERAL STORES GRE,1043340,,9160646804,,DUGGIRALA,PEDAVADLAPUDI,1
2756,21107 SRIKANTH GENERAL STORES GRE,1043341,,9490789255,,DUGGIRALA,PEDAVADLAPUDI,1
2757,21108 VIJAY GENERAL STORES GRE,1043342,,8639313629,,DUGGIRALA,PEDAVADLAPUDI,1
2758,21109 SUDHAKAR KIRANA GRE,1043343,,7842159169,,DUGGIRALA,PEDAVADLAPUDI,1
2759,21110 NANI GENERAL STORES GRE,1043344,,8328280482,DESABOYINA TOWERS,DUGGIRALA,PEDAVADLAPUDI,1
2760,21111 K SUDHAKAR,1043345,,7981133442,PEDAVADLAPUDI CENTER,DUGGIRALA,PEDAVADLAPUDI,1
2761,21112 NAGESWARA PAN SHOP,1043346,,9966092407,PEDAVADLAPUDI CENTER,DUGGIRALA,PEDAVADLAPUDI,1
2762,21113 K VENKATESWARLU PAN,1043347,,9493471015,PEDAVADLAPUDI CENTER,DUGGIRALA,PEDAVADLAPUDI,1
2763,21114 THIRUPATHI RAO PAN SHOP,1043348,,9951965634,PEDAVADLAPUDI CENTER,DUGGIRALA,PEDAVADLAPUDI,1
2764,19890 SAID BROTHERS COOL DRINKS,1042124,,9030373277,,PEDAVADLAPUDI,PEDAVADLAPUDI,1
2765,19891 SRI SAI COOL DRINKS,1042125,,9000741788,,PEDAVADLAPUDI,PEDAVADLAPUDI,1
2766,PRAMODH,20882181,,9494032820,ANDHRA PRABHA OFFICE,TENALI (M),MARKET CENTER,1
2767,SANKEAR,20882182,,9000734413,D V L GANAPATHI RAO,TENALI (M),MARKET CENTER,1
2768,KOMMURI VIJAY LAKSHMI,20882203,,8523083578,QSSOT TECHNOLGY LTD,MULPUR,GOVADA,1
2769,KODALI PULLARAO,20668259,,9701564207,TRANZ INDIA CORPORATE NETWORK PVTLTD,KOLLUR,KOLLURU,1
2770,PRASAD,20668260,,7702806207,TRANZ INDIA CORPORATE NETWORK PVTLTD,KOLLUR,KOLLURU,1
2771,SWATHI COOL DRINKS,20668465,,9989497449,MEE SEVA CENTER,KOLLIPARA,KOLLIPARA,1
2772,K.NAGIREDDY(SUBBARAO),20668466,,9989496576,RAILWAY PARCEL OFFICE,KOLLIPARA,KOLLIPARA,1
2773,B.SIVAKOTI,20668467,,9885114975,MEE SEVA CENTER,CHILUVURU,CHILUVURU,1
2774,JILANI,20668468,,9948597036,MEE SEVA CENTER,KANTAMRAJU KONDURU,KANTAMRAJU KONDURU,1
2775,CHILAKA SAMBAIAH GARU,20668469,,9603324421,MEE SEVA,PEDAVADLAPUDI,REVENDRAPADU,1
2776,M.VEERAIAH(HARI GARU),20668470,,9989262976,MEE SEVA,VEMURU,VEMURU,1
2777,HEMALATHA FANCY(LAKSHMANA),20668471,,9966223386,MEE SEVA,DUGGIRALA,DUGGIRALA,1
2778,K.NAGENDHRAM,20668472,,8884844431,MEE SEVA,JAMPANI,JAMPANI,1
2779,K.SRINIVASARAO,20668473,,9704725233,MEE SEVA,KOLAKALURU,KOLAKALURU,1
2780,A LAKSHMANA RAO,20668474,,8644225228,TANVITHA SYSLINK COMMUNICATIONS PVT LTD,TENALI (M),TENALI,1
2781,A SURESH,20668475,,9701484812,TANVITHA SYSLINK COMMUNICATIONS PVT LTD,TENALI (M),TENALI,1
2782,ADAPALA MADHAVARAO,20668476,,9959078773,TANVITHA SYSLINK COMMUNICATIONS PVT LTD,TENALI (M),TENALI,1
2783,ANKAMMARAO,20668477,,9985654116,TANVITHA SYSLINK COMMUNICATIONS PVT LTD,TENALI (M),TENALI,1
2784,G RUPA KUMAR,20668478,,9985456266,TANVITHA SYSLINK COMMUNICATIONS PVT LTD,TENALI (M),TENALI,1
2785,G SURESH,20668479,,8106679619,TANVITHA SYSLINK COMMUNICATIONS PVT LTD,TENALI (M),TENALI,1
2786,GURRAM SAMBAIAH,20668480,,9949702985,TANVITHA SYSLINK COMMUNICATIONS PVT LTD,TENALI (M),TENALI,1
2787,K ADINARAYANA,20668481,,9395366132,TANVITHA SYSLINK COMMUNICATIONS PVT LTD,TENALI (M),TENALI,1
2788,K ANJANEYULU,20668482,,9292902013,TANVITHA SYSLINK COMMUNICATIONS PVT LTD,TENALI (M),TENALI,1
2789,K NAMMAIAH,20668483,,9652843567,BLUE DART,TENALI (M),TENALI,1
2790,KALVA PRABHAKAR,20668484,,8644228131,TANVITHA SYSLINK COMMUNICATIONS PVT LTD,TENALI (M),TENALI,1
2791,SRINIVASA G/S,20668451,,9391686377,MEE SEVA,JAMPANI,JAMPANI,1
2792,AALPATI SAMBASIVARAO,20668452,,8897557385,MEE SEVA,MODUKURU,MODUKURU,1
2793,D.ANIL(MAJETI RAMESH),20668453,,9701251451,MEE SEVA,DUGGIRALA,DUGGIRALA,1
2794,S.VEKATARAMAIAH,20668454,,8978350434,MEE SEVA CENTER,KOLLIPARA,KOLLIPARA,1
2795,TADIKONDA SAMBASIVARAO,20668455,,8019150065,MEE SEVA,PEDARAVURU,PEDARAVURU,1
2796,SATEESH,20668456,,9866285412,MEE SEVA CENTER,CHILUVURU,CHILUVURU,1
2797,K.KOTESWARO,20668457,,9963822749,MEE SEVA,KUCHIPUDI,KUCHIPUDI,1
2798,D.SAI,20668458,,9949343764,MEE SEVA,NANDIVELUGU,NANDIVELUGU,1
2799,PARCHURI KRISHNA,20668459,,9948256993,MEE SEVA CENTER,CHILUVURU,CHILUVURU,1
2800,NARRA SANKARAAO,20668460,,9959591999,TRANZ INDIA CORPORATE NETWORK PVTLTD,KOLLUR,KOLLURU,1
2801,SRI LAKSHMI E/P(ANJANEYULU),20668461,,9885729905,TRANZ INDIA CORPORATE NETWORK PVTLTD,KOLLUR,KOLLURU,1
2802,TAMMANA MANIUKYARAO,20668462,,9848261521,MEE SEVA,KOLLUR,KOLLURU,1
2803,SRI LALITHA ENTER PRISES,20668463,,9491146260,MEE SEVA,PEDAVADLAPUDI,PEDAVADLAPUDI,1
2804,VASU COOL DINKS(SITHA RAMAIAH),20668464,,9963336755,MEE SEVA CENTER,KOLLIPARA,KOLLIPARA,1
2805,LAVANYA GEN STORES,20668043,,8977562883,BLUE DART,TENALI (M),TENALI,1
2806,MADDALA VENKATESWARA RAO,20668044,,9989015932,TANVITHA SYSLINK COMMUNICATIONS PVT LTD,TENALI (M),TENALI,1
2807,SAMBASIVA REDDY,20668045,,9848921133,TANVITHA SYSLINK COMMUNICATIONS PVT LTD,TENALI (M),TENALI,1
2808,LEELA - CHANTI,20668046,,8121745846,TANVITHA SYSLINK COMMUNICATIONS PVT LTD,TENALI (M),TENALI,1
2809,SRINIVASAREDDY TOBOCO,20668047,,8125518498,TANVITHA SYSLINK COMMUNICATIONS PVT LTD,TENALI (M),TENALI,1
2810,V SAMBIREDDY,20668048,,9492083037,ASRK ASSOCIATES,TENALI (M),TENALI,1
2811,SASI COOLDRINGS,20904913,,9705865375,,EMANI,KANTAMRAJU KONDURU,1
2812,NAGA MALLESWARAO PAN SHOP,20904914,,9553593773,,EMANI,KANTAMRAJU KONDURU,1
2813,SRINIVASA RAO PAN SHOP,20904915,,7673919612,,EMANI,KANTAMRAJU KONDURU,1
2814,HANCY COOLDRINGS,20905388,,9704166567,,CHINAPALEM,KANTAMRAJU KONDURU,1
