id,SalesMan,isActive,contactNo,BeatName
6,Sk.Nagur ROC Ds,1,,Pedavadlapudi
7,Sk.Nagur ROC Ds,1,,Kolakaluru
8,Sk.Nagur ROC Ds,1,,Revendrapadu
9,Sk.Nagur ROC Ds,1,,Nuthakki
10,Sk.Nagur ROC Ds,1,,Munnangi
11,Sk.Nagur ROC Ds,1,,Vallabhapuram
12,B.Ramesh ROC Ds,1,,DUGGIRALA
13,B.Ramesh ROC Ds,1,,Chadalavada
14,B.Ramesh ROC Ds,1,,Chavali Route
15,B.Ramesh ROC Ds,1,,VEMURU
16,B.Ramesh ROC Ds,1,,KOLLIPARA
17,B.Ramesh ROC Ds,1,,ITHANAGAR
18,Sudhakar ROC A Ds,1,,kolluru-RA
19,Sudhakar ROC A Ds,1,,Amarthaluru-A
20,Sudhakar ROC A Ds,1,,Govada-A
21,Sudhakar ROC A Ds,1,,Modukuru-A
22,Sudhakar ROC A Ds,1,,Pedaravuru-A
23,Sudhakar ROC A Ds,1,,kolluru-LA
24,Siva Krishna ROC B,1,,kolluru-LB
25,Siva Krishna ROC B,1,,Kolluru-RB
26,Siva Krishna ROC B,1,,Amarthaluru-B
27,Siva Krishna ROC B,1,,Govada-B
28,Siva Krishna ROC B,1,,Modukuru-B
29,Siva Krishna ROC B,1,,Pedaravuru-B
30,KALYAN GR1A,1,,MARKET CENTER 8A  GR1A
31,KALYAN GR1A,1,,MAIN ROAD 8 B GR1A
32,KALYAN GR1A,1,,BOSE ROAD 4A GR1A
33,KALYAN GR1A,1,,MM VARIVEEDHI 7A GR1A
34,KALYAN GR1A,1,,SUBBARAO ST. 7B GR1A
35,KALYAN GR1A,1,,ASN ROAD 3A GR1A
36,KISHORE GR1B,1,,SUBBARAO ST. 7B GR1B
37,KISHORE GR1B,1,,ASNROAD3A GR1B
38,KISHORE GR1B,1,,MARKET CENTER 8A GR1B
39,KISHORE GR1B,1,,MAIN ROAD8B GR1B
40,KISHORE GR1B,1,,BOSE ROAD4A GR1B
41,KISHORE GR1B,1,,MM VARI VEEDHI 7A GR1B
42,T.SRIKANTH GR2,1,,MM VARIVEEDHI 7A GR2
43,T.SRIKANTH GR2,1,,SUBBARAO7B GR2
44,T.SRIKANTH GR2,1,,ASN 3A GR2
45,T.SRIKANTH GR2,1,,MARKET CENTER 8A GR2
46,T.SRIKANTH GR2,1,,MAIN ROAD  8 B GR2
47,T.SRIKANTH GR2,1,,BOSE ROAD 4A GR2
