id,SalesMan,isActive,contactNo,BeatName
48,NEELAM KRISHNA,1,,INTUR
49,GODVARTHI KISHORE,1,,VARAHAPURAM
50,NEELAM KRISHNA,1,,CHAVALI
51,GOLI YUGANDHAR,1,,DAVULURU
52,D.SIVA SHANKAR,1,,KUCHALLAPADU
53,D.SIVA SHANKAR,1,,MODUKURU
54,D.SIVA SHANKAR,1,,DANTHALUR
55,NEELAM KRISHNA,1,,MULPUR
56,NEELAM KRISHNA,1,,GODAVARRU
57,NEELAM KRISHNA,1,,AMRUTHALUR
58,GODVARTHI KISHORE,1,,JAMPANI
59,M.MADHU,1,,PENUMARRU
60,M.MADHU,1,,BODDULURUPADU
61,NEELAM KRISHNA,1,,MOPARRU
62,NEELAM KRISHNA,1,,KANTAMRAJU KONDURU
63,D.SIVA SHANKAR,1,,PEDAGADELAVARRU
64,NEELAM KRISHNA,1,,KUCHIPUDI
65,NEELAM KRISHNA,1,,PEDAKONDUR
66,NEELAM KRISHNA,1,,MORAMPUDI
67,M.MADHU,1,,GAJULLANKA
68,D.SIVA SHANKAR,1,,VALLABHAPURAM
69,GODVARTHI KISHORE,1,,PEDARAVURU
70,M.MADHU,1,,RAVIKAMPADU
71,D.SIVA SHANKAR,1,,IPUR
72,NEELAM KRISHNA,1,,PERAVALI
73,NEELAM KRISHNA,1,,PEDDAPUDI
74,D.SIVA SHANKAR,1,,CHADALAWADA
75,KOLLIPARA BHASKAR,1,,TUMMAPUDI
76,NEELAM KRISHNA,1,,CHILUVURU
77,NEELAM KRISHNA,1,,CHINAPALEM
78,D.SIVA SHANKAR,1,,MUNNANGI
79,KOLLIPARA BHASKAR,1,,NANDIVELUGU
80,D.SIVA SHANKAR,1,,CHILUMURU
81,GOLI YUGANDHAR,1,,ANNAVARAM
82,D.SIVA SHANKAR,1,,MANDURU
83,NEELAM KRISHNA,1,,GOVADA
84,GOLI YUGANDHAR,1,,THUMULURU
85,NEELAM KRISHNA,1,,PERAVALIPALEM
86,D.SIVA SHANKAR,1,,ATHOTA
87,D.SIVA SHANKAR,1,,BURRIPALEM
88,M.MADHU,1,,PEDALANKA
89,NEELAM KRISHNA,1,,PYAPARRU
90,NEELAM KRISHNA,1,,PENUMUDI
91,D.SIVA SHANKAR,1,,SIRIPURAM
92,CH.NAGESWARA RAO,1,,TENALI (M)
93,KOLLIPARA BHASKAR,1,,SRUNGARAPURAM
94,NEELAM KRISHNA,1,,PANCHALAVARAM
95,G.NARASIMHA MURHY,1,,TENALI (M)
96,GOLI YUGANDHAR,1,,PIDAPARRU
97,K.B.N.GUPTA,1,,TENALI (M)
98,NEELAM KRISHNA,1,,CHINTALAPUDI
99,GODVARTHI KISHORE,1,,POTHUMARRU
100,NEELAM KRISHNA,1,,THURUMELLA
101,GODVARTHI KISHORE,1,,ABBANAGUDAVALLI
102,NEELAM KRISHNA,1,,CHIVALUR
103,D.SIVA SHANKAR,1,,THOTTEMPUDI
104,M.MADHU,1,,CHINAPULIVARRU
105,D.SIVA SHANKAR,1,,NELAPADU
106,NEELAM KRISHNA,1,,YELAVARRU
107,D.SIVA SHANKAR,1,,ALAPADU
108,GOLI YUGANDHAR,1,,CHEMUDUPADU
109,D.SIVA SHANKAR,1,,ANANTHAVARAM
110,D.SIVA SHANKAR,1,,CHINAPARIMI
111,NEELAM KRISHNA,1,,PERAKALAPUDI
112,N.NAGESWARARAO,1,,TENALI (M)
113,M.MADHU,1,,DONEPUDI
114,M.MADHU,1,,POTHARLANKA
115,CH VIJAY KUMAR VAN DS,1,,CHILUMURU
116,CH VIJAY KUMAR VAN DS,1,,VEMURU
117,CH VIJAY KUMAR VAN DS,1,,KOLLUR
118,CH VIJAY KUMAR VAN DS,1,,AMRUTHALUR
119,CH VIJAY KUMAR VAN DS,1,,KUCHIPUDI
120,CH VIJAY KUMAR VAN DS,1,,INTUR
121,CH VIJAY KUMAR VAN DS,1,,MULPUR
122,CH VIJAY KUMAR VAN DS,1,,NUTAKKI
123,CH VIJAY KUMAR VAN DS,1,,EMANI
124,CH VIJAY KUMAR VAN DS,1,,VALLABHAPURAM
125,CH VIJAY KUMAR VAN DS,1,,MUNNANGI
126,CH VIJAY KUMAR VAN DS,1,,DAVULURU
127,CH VIJAY KUMAR VAN DS,1,,CHAVALI
128,CH VIJAY KUMAR VAN DS,1,,THUMULURU
129,CH VIJAY KUMAR VAN DS,1,,PERAVALI
130,CH VIJAY KUMAR VAN DS,1,,ANANTHAVARAM
131,KOLLIPARA BHASKAR,1,,DUGGIRALA
132,GOLI YUGANDHAR,1,,KOLLIPARA
133,M.MADHU,1,,KOLLUR
134,KOLLIPARA BHASKAR,1,,KOLAKALURU
135,GODVARTHI KISHORE,1,,BALIJEPALLE
136,GODVARTHI KISHORE,1,,BODAPADU
137,GODVARTHI KISHORE,1,,VEMURU
138,NEELAM KRISHNA,1,,EMANI
139,KOLLIPARA BHASKAR,1,,PEDAVADLAPUDI
140,KOLLIPARA BHASKAR,1,,KATEVARAM
141,KOLLIPARA BHASKAR,1,,NUTAKKI
142,CH VIJAY KUMAR VAN DS,1,,KOLLIPARA
143,CH VIJAY KUMAR VAN DS,1,,CHILUVURU
144,CH VIJAY KUMAR VAN DS,1,,KANTAMRAJU KONDURU
145,CH VIJAY KUMAR VAN DS,1,,PEDAVADLAPUDI
146,CH VIJAY KUMAR VAN DS,1,,DUGGIRALA
147,CH VIJAY KUMAR VAN DS,1,,JAMPANI
148,CH VIJAY KUMAR VAN DS,1,,KOLAKALURU
149,CH VIJAY KUMAR VAN DS,1,,TENALI (M)
150,CH VIJAY KUMAR VAN DS,1,,MODUKURU
151,CH VIJAY KUMAR VAN DS,1,,PEDARAVURU
152,CH VIJAY KUMAR VAN DS,1,,NANDIVELUGU
